review,label
Works like a charm. Highly recommended.,1
Super happy with my purchase. Worth every penny!,1
Not at all what was advertised. Do not buy.,0
Completely useless. Broke after one use.,0
Perfect! Just what I needed.,1
Excellent service and top-notch item!,1
Very disappointed. Waste of money.,0
"Fantastic product, will definitely buy again.",1
This is the worst thing I've ever bought.,0
I absolutely love this! It exceeded my expectations.,1
This is the worst thing I've ever bought.,0
I absolutely love this! It exceeded my expectations.,1
I absolutely love this! It exceeded my expectations.,1
Very disappointed. Waste of money.,0
The item arrived damaged and didn't work.,0
Super happy with my purchase. Worth every penny!,1
"Fantastic product, will definitely buy again.",1
Super happy with my purchase. Worth every penny!,1
I absolutely love this! It exceeded my expectations.,1
Perfect! Just what I needed.,1
I couldn’t be more pleased with this product.,1
This is the worst thing I've ever bought.,0
Absolutely awful. I want a refund.,0
Super happy with my purchase. Worth every penny!,1
"Fantastic product, will definitely buy again.",1
Super happy with my purchase. Worth every penny!,1
Poor quality and terrible customer service.,0
Very satisfied. Great quality and quick delivery.,1
"Fantastic product, will definitely buy again.",1
This is the worst thing I've ever bought.,0
Not at all what was advertised. Do not buy.,0
Completely useless. Broke after one use.,0
The quality is excellent. Five stars.,1
Excellent service and top-notch item!,1
I couldn’t be more pleased with this product.,1
Terrible. I had high hopes but it failed completely.,0
Very disappointed. Waste of money.,0
Cheaply made and not worth the price.,0
Not at all what was advertised. Do not buy.,0
I couldn’t be more pleased with this product.,1
Not at all what was advertised. Do not buy.,0
Amazing experience from start to finish.,1
This is the worst thing I've ever bought.,0
Cheaply made and not worth the price.,0
Excellent service and top-notch item!,1
Terrible. I had high hopes but it failed completely.,0
The item arrived damaged and didn't work.,0
Works like a charm. Highly recommended.,1
The item arrived damaged and didn't work.,0
Amazing experience from start to finish.,1
"Fantastic product, will definitely buy again.",1
I absolutely love this! It exceeded my expectations.,1
Absolutely awful. I want a refund.,0
Absolutely awful. I want a refund.,0
Very disappointed. Waste of money.,0
Not at all what was advertised. Do not buy.,0
Poor quality and terrible customer service.,0
I couldn’t be more pleased with this product.,1
I couldn’t be more pleased with this product.,1
Very satisfied. Great quality and quick delivery.,1
Very satisfied. Great quality and quick delivery.,1
Not at all what was advertised. Do not buy.,0
Cheaply made and not worth the price.,0
Cheaply made and not worth the price.,0
Cheaply made and not worth the price.,0
Perfect! Just what I needed.,1
Very disappointed. Waste of money.,0
Perfect! Just what I needed.,1
Terrible. I had high hopes but it failed completely.,0
Works like a charm. Highly recommended.,1
Absolutely awful. I want a refund.,0
Very satisfied. Great quality and quick delivery.,1
"Fantastic product, will definitely buy again.",1
The item arrived damaged and didn't work.,0
Very satisfied. Great quality and quick delivery.,1
Disgusting experience. Never again.,0
Excellent service and top-notch item!,1
I couldn’t be more pleased with this product.,1
Perfect! Just what I needed.,1
Works like a charm. Highly recommended.,1
Disgusting experience. Never again.,0
I couldn’t be more pleased with this product.,1
Works like a charm. Highly recommended.,1
Disgusting experience. Never again.,0
Perfect! Just what I needed.,1
Perfect! Just what I needed.,1
Amazing experience from start to finish.,1
I couldn’t be more pleased with this product.,1
Amazing experience from start to finish.,1
Super happy with my purchase. Worth every penny!,1
Completely useless. Broke after one use.,0
Disgusting experience. Never again.,0
Disgusting experience. Never again.,0
Poor quality and terrible customer service.,0
I absolutely love this! It exceeded my expectations.,1
Amazing experience from start to finish.,1
The item arrived damaged and didn't work.,0
Cheaply made and not worth the price.,0
I absolutely love this! It exceeded my expectations.,1
Disgusting experience. Never again.,0
Disgusting experience. Never again.,0
Not at all what was advertised. Do not buy.,0
Works like a charm. Highly recommended.,1
The item arrived damaged and didn't work.,0
Disgusting experience. Never again.,0
Excellent service and top-notch item!,1
I absolutely love this! It exceeded my expectations.,1
The item arrived damaged and didn't work.,0
I couldn’t be more pleased with this product.,1
"Fantastic product, will definitely buy again.",1
I couldn’t be more pleased with this product.,1
Absolutely awful. I want a refund.,0
Very satisfied. Great quality and quick delivery.,1
"Fantastic product, will definitely buy again.",1
Works like a charm. Highly recommended.,1
I absolutely love this! It exceeded my expectations.,1
Works like a charm. Highly recommended.,1
Absolutely awful. I want a refund.,0
Excellent service and top-notch item!,1
Not at all what was advertised. Do not buy.,0
Not at all what was advertised. Do not buy.,0
This is the worst thing I've ever bought.,0
The item arrived damaged and didn't work.,0
Completely useless. Broke after one use.,0
The quality is excellent. Five stars.,1
Perfect! Just what I needed.,1
Excellent service and top-notch item!,1
Cheaply made and not worth the price.,0
Very satisfied. Great quality and quick delivery.,1
Completely useless. Broke after one use.,0
Works like a charm. Highly recommended.,1
The item arrived damaged and didn't work.,0
Very disappointed. Waste of money.,0
Absolutely awful. I want a refund.,0
Excellent service and top-notch item!,1
Terrible. I had high hopes but it failed completely.,0
Perfect! Just what I needed.,1
Completely useless. Broke after one use.,0
Completely useless. Broke after one use.,0
Perfect! Just what I needed.,1
The quality is excellent. Five stars.,1
Absolutely awful. I want a refund.,0
The quality is excellent. Five stars.,1
Not at all what was advertised. Do not buy.,0
"Fantastic product, will definitely buy again.",1
Completely useless. Broke after one use.,0
This is the worst thing I've ever bought.,0
"Fantastic product, will definitely buy again.",1
Very satisfied. Great quality and quick delivery.,1
Absolutely awful. I want a refund.,0
Not at all what was advertised. Do not buy.,0
Disgusting experience. Never again.,0
Perfect! Just what I needed.,1
I couldn’t be more pleased with this product.,1
I absolutely love this! It exceeded my expectations.,1
Very disappointed. Waste of money.,0
Very satisfied. Great quality and quick delivery.,1
Amazing experience from start to finish.,1
I absolutely love this! It exceeded my expectations.,1
Super happy with my purchase. Worth every penny!,1
I absolutely love this! It exceeded my expectations.,1
Absolutely awful. I want a refund.,0
Very disappointed. Waste of money.,0
Absolutely awful. I want a refund.,0
Works like a charm. Highly recommended.,1
"Fantastic product, will definitely buy again.",1
Very disappointed. Waste of money.,0
Excellent service and top-notch item!,1
The item arrived damaged and didn't work.,0
Completely useless. Broke after one use.,0
I absolutely love this! It exceeded my expectations.,1
Very disappointed. Waste of money.,0
Disgusting experience. Never again.,0
Super happy with my purchase. Worth every penny!,1
Very satisfied. Great quality and quick delivery.,1
Cheaply made and not worth the price.,0
Disgusting experience. Never again.,0
The item arrived damaged and didn't work.,0
Disgusting experience. Never again.,0
"Fantastic product, will definitely buy again.",1
I absolutely love this! It exceeded my expectations.,1
Very disappointed. Waste of money.,0
The item arrived damaged and didn't work.,0
The quality is excellent. Five stars.,1
Very satisfied. Great quality and quick delivery.,1
Cheaply made and not worth the price.,0
The item arrived damaged and didn't work.,0
Not at all what was advertised. Do not buy.,0
Cheaply made and not worth the price.,0
The item arrived damaged and didn't work.,0
I absolutely love this! It exceeded my expectations.,1
The item arrived damaged and didn't work.,0
Very satisfied. Great quality and quick delivery.,1
Perfect! Just what I needed.,1
I couldn’t be more pleased with this product.,1
Perfect! Just what I needed.,1
Completely useless. Broke after one use.,0
Terrible. I had high hopes but it failed completely.,0
Disgusting experience. Never again.,0
I couldn’t be more pleased with this product.,1
Absolutely awful. I want a refund.,0
Poor quality and terrible customer service.,0
"Fantastic product, will definitely buy again.",1
"Fantastic product, will definitely buy again.",1
"Fantastic product, will definitely buy again.",1
Absolutely awful. I want a refund.,0
Excellent service and top-notch item!,1
Completely useless. Broke after one use.,0
I absolutely love this! It exceeded my expectations.,1
Perfect! Just what I needed.,1
The quality is excellent. Five stars.,1
The item arrived damaged and didn't work.,0
The item arrived damaged and didn't work.,0
The quality is excellent. Five stars.,1
Perfect! Just what I needed.,1
Amazing experience from start to finish.,1
Super happy with my purchase. Worth every penny!,1
Perfect! Just what I needed.,1
"Fantastic product, will definitely buy again.",1
"Fantastic product, will definitely buy again.",1
The quality is excellent. Five stars.,1
Works like a charm. Highly recommended.,1
Terrible. I had high hopes but it failed completely.,0
Very satisfied. Great quality and quick delivery.,1
I absolutely love this! It exceeded my expectations.,1
The quality is excellent. Five stars.,1
Absolutely awful. I want a refund.,0
This is the worst thing I've ever bought.,0
Works like a charm. Highly recommended.,1
Super happy with my purchase. Worth every penny!,1
Very satisfied. Great quality and quick delivery.,1
Not at all what was advertised. Do not buy.,0
I absolutely love this! It exceeded my expectations.,1
I absolutely love this! It exceeded my expectations.,1
I absolutely love this! It exceeded my expectations.,1
The item arrived damaged and didn't work.,0
Absolutely awful. I want a refund.,0
Not at all what was advertised. Do not buy.,0
Poor quality and terrible customer service.,0
"Fantastic product, will definitely buy again.",1
Terrible. I had high hopes but it failed completely.,0
This is the worst thing I've ever bought.,0
Perfect! Just what I needed.,1
Not at all what was advertised. Do not buy.,0
I absolutely love this! It exceeded my expectations.,1
Amazing experience from start to finish.,1
I absolutely love this! It exceeded my expectations.,1
Completely useless. Broke after one use.,0
This is the worst thing I've ever bought.,0
I absolutely love this! It exceeded my expectations.,1
Cheaply made and not worth the price.,0
This is the worst thing I've ever bought.,0
Cheaply made and not worth the price.,0
Works like a charm. Highly recommended.,1
The quality is excellent. Five stars.,1
Very disappointed. Waste of money.,0
Perfect! Just what I needed.,1
Works like a charm. Highly recommended.,1
I couldn’t be more pleased with this product.,1
Cheaply made and not worth the price.,0
Very satisfied. Great quality and quick delivery.,1
Very satisfied. Great quality and quick delivery.,1
Completely useless. Broke after one use.,0
The quality is excellent. Five stars.,1
Completely useless. Broke after one use.,0
I couldn’t be more pleased with this product.,1
Amazing experience from start to finish.,1
The item arrived damaged and didn't work.,0
I couldn’t be more pleased with this product.,1
Excellent service and top-notch item!,1
Very disappointed. Waste of money.,0
Poor quality and terrible customer service.,0
Poor quality and terrible customer service.,0
I couldn’t be more pleased with this product.,1
Amazing experience from start to finish.,1
The item arrived damaged and didn't work.,0
Very disappointed. Waste of money.,0
This is the worst thing I've ever bought.,0
I absolutely love this! It exceeded my expectations.,1
Excellent service and top-notch item!,1
"Fantastic product, will definitely buy again.",1
Super happy with my purchase. Worth every penny!,1
The item arrived damaged and didn't work.,0
This is the worst thing I've ever bought.,0
The item arrived damaged and didn't work.,0
Very satisfied. Great quality and quick delivery.,1
The quality is excellent. Five stars.,1
Disgusting experience. Never again.,0
"Fantastic product, will definitely buy again.",1
Very satisfied. Great quality and quick delivery.,1
I absolutely love this! It exceeded my expectations.,1
I couldn’t be more pleased with this product.,1
"Fantastic product, will definitely buy again.",1
Works like a charm. Highly recommended.,1
Poor quality and terrible customer service.,0
"Fantastic product, will definitely buy again.",1
Amazing experience from start to finish.,1
Cheaply made and not worth the price.,0
Super happy with my purchase. Worth every penny!,1
Disgusting experience. Never again.,0
"Fantastic product, will definitely buy again.",1
Not at all what was advertised. Do not buy.,0
The item arrived damaged and didn't work.,0
The item arrived damaged and didn't work.,0
I couldn’t be more pleased with this product.,1
Perfect! Just what I needed.,1
Amazing experience from start to finish.,1
This is the worst thing I've ever bought.,0
Completely useless. Broke after one use.,0
Perfect! Just what I needed.,1
Very satisfied. Great quality and quick delivery.,1
Not at all what was advertised. Do not buy.,0
The quality is excellent. Five stars.,1
Disgusting experience. Never again.,0
I absolutely love this! It exceeded my expectations.,1
Poor quality and terrible customer service.,0
Very disappointed. Waste of money.,0
Completely useless. Broke after one use.,0
I couldn’t be more pleased with this product.,1
Completely useless. Broke after one use.,0
Terrible. I had high hopes but it failed completely.,0
Perfect! Just what I needed.,1
Very satisfied. Great quality and quick delivery.,1
Perfect! Just what I needed.,1
The quality is excellent. Five stars.,1
Cheaply made and not worth the price.,0
Amazing experience from start to finish.,1
Absolutely awful. I want a refund.,0
Perfect! Just what I needed.,1
Disgusting experience. Never again.,0
Works like a charm. Highly recommended.,1
Super happy with my purchase. Worth every penny!,1
This is the worst thing I've ever bought.,0
I couldn’t be more pleased with this product.,1
"Fantastic product, will definitely buy again.",1
Very disappointed. Waste of money.,0
Poor quality and terrible customer service.,0
Terrible. I had high hopes but it failed completely.,0
Amazing experience from start to finish.,1
Cheaply made and not worth the price.,0
I couldn’t be more pleased with this product.,1
Terrible. I had high hopes but it failed completely.,0
I couldn’t be more pleased with this product.,1
This is the worst thing I've ever bought.,0
Completely useless. Broke after one use.,0
Amazing experience from start to finish.,1
Very disappointed. Waste of money.,0
Completely useless. Broke after one use.,0
I couldn’t be more pleased with this product.,1
The item arrived damaged and didn't work.,0
I couldn’t be more pleased with this product.,1
"Fantastic product, will definitely buy again.",1
Disgusting experience. Never again.,0
The quality is excellent. Five stars.,1
I couldn’t be more pleased with this product.,1
Completely useless. Broke after one use.,0
Very satisfied. Great quality and quick delivery.,1
Works like a charm. Highly recommended.,1
Very satisfied. Great quality and quick delivery.,1
Very disappointed. Waste of money.,0
Very satisfied. Great quality and quick delivery.,1
Terrible. I had high hopes but it failed completely.,0
Super happy with my purchase. Worth every penny!,1
Terrible. I had high hopes but it failed completely.,0
Completely useless. Broke after one use.,0
Completely useless. Broke after one use.,0
Not at all what was advertised. Do not buy.,0
Cheaply made and not worth the price.,0
Cheaply made and not worth the price.,0
Poor quality and terrible customer service.,0
I couldn’t be more pleased with this product.,1
Terrible. I had high hopes but it failed completely.,0
I couldn’t be more pleased with this product.,1
Absolutely awful. I want a refund.,0
Absolutely awful. I want a refund.,0
Perfect! Just what I needed.,1
Very disappointed. Waste of money.,0
Absolutely awful. I want a refund.,0
"Fantastic product, will definitely buy again.",1
Works like a charm. Highly recommended.,1
The item arrived damaged and didn't work.,0
Very satisfied. Great quality and quick delivery.,1
Cheaply made and not worth the price.,0
Works like a charm. Highly recommended.,1
Works like a charm. Highly recommended.,1
Excellent service and top-notch item!,1
Perfect! Just what I needed.,1
Cheaply made and not worth the price.,0
Perfect! Just what I needed.,1
Excellent service and top-notch item!,1
This is the worst thing I've ever bought.,0
Super happy with my purchase. Worth every penny!,1
Terrible. I had high hopes but it failed completely.,0
Not at all what was advertised. Do not buy.,0
The item arrived damaged and didn't work.,0
I absolutely love this! It exceeded my expectations.,1
I couldn’t be more pleased with this product.,1
Not at all what was advertised. Do not buy.,0
Completely useless. Broke after one use.,0
Amazing experience from start to finish.,1
Not at all what was advertised. Do not buy.,0
I couldn’t be more pleased with this product.,1
"Fantastic product, will definitely buy again.",1
Poor quality and terrible customer service.,0
Cheaply made and not worth the price.,0
Disgusting experience. Never again.,0
Completely useless. Broke after one use.,0
I absolutely love this! It exceeded my expectations.,1
Disgusting experience. Never again.,0
Completely useless. Broke after one use.,0
Not at all what was advertised. Do not buy.,0
Excellent service and top-notch item!,1
Cheaply made and not worth the price.,0
Super happy with my purchase. Worth every penny!,1
This is the worst thing I've ever bought.,0
Completely useless. Broke after one use.,0
The quality is excellent. Five stars.,1
I couldn’t be more pleased with this product.,1
Amazing experience from start to finish.,1
Poor quality and terrible customer service.,0
Not at all what was advertised. Do not buy.,0
Disgusting experience. Never again.,0
I absolutely love this! It exceeded my expectations.,1
The quality is excellent. Five stars.,1
The item arrived damaged and didn't work.,0
Very disappointed. Waste of money.,0
Excellent service and top-notch item!,1
Very satisfied. Great quality and quick delivery.,1
Cheaply made and not worth the price.,0
Not at all what was advertised. Do not buy.,0
"Fantastic product, will definitely buy again.",1
Absolutely awful. I want a refund.,0
"Fantastic product, will definitely buy again.",1
Not at all what was advertised. Do not buy.,0
The item arrived damaged and didn't work.,0
Disgusting experience. Never again.,0
Very satisfied. Great quality and quick delivery.,1
Disgusting experience. Never again.,0
"Fantastic product, will definitely buy again.",1
Completely useless. Broke after one use.,0
Disgusting experience. Never again.,0
Not at all what was advertised. Do not buy.,0
I absolutely love this! It exceeded my expectations.,1
Amazing experience from start to finish.,1
Very satisfied. Great quality and quick delivery.,1
Not at all what was advertised. Do not buy.,0
Not at all what was advertised. Do not buy.,0
"Fantastic product, will definitely buy again.",1
I absolutely love this! It exceeded my expectations.,1
This is the worst thing I've ever bought.,0
I couldn’t be more pleased with this product.,1
Completely useless. Broke after one use.,0
Works like a charm. Highly recommended.,1
Very satisfied. Great quality and quick delivery.,1
I absolutely love this! It exceeded my expectations.,1
Excellent service and top-notch item!,1
Poor quality and terrible customer service.,0
Cheaply made and not worth the price.,0
Very satisfied. Great quality and quick delivery.,1
Excellent service and top-notch item!,1
Poor quality and terrible customer service.,0
I couldn’t be more pleased with this product.,1
Very satisfied. Great quality and quick delivery.,1
Completely useless. Broke after one use.,0
Not at all what was advertised. Do not buy.,0
I couldn’t be more pleased with this product.,1
Not at all what was advertised. Do not buy.,0
Absolutely awful. I want a refund.,0
Very disappointed. Waste of money.,0
Very disappointed. Waste of money.,0
Terrible. I had high hopes but it failed completely.,0
The item arrived damaged and didn't work.,0
Not at all what was advertised. Do not buy.,0
The quality is excellent. Five stars.,1
Terrible. I had high hopes but it failed completely.,0
Amazing experience from start to finish.,1
Cheaply made and not worth the price.,0
Absolutely awful. I want a refund.,0
Completely useless. Broke after one use.,0
I absolutely love this! It exceeded my expectations.,1
"Fantastic product, will definitely buy again.",1
Terrible. I had high hopes but it failed completely.,0
Very disappointed. Waste of money.,0
Super happy with my purchase. Worth every penny!,1
The item arrived damaged and didn't work.,0
Super happy with my purchase. Worth every penny!,1
Completely useless. Broke after one use.,0
Cheaply made and not worth the price.,0
Disgusting experience. Never again.,0
Terrible. I had high hopes but it failed completely.,0
Cheaply made and not worth the price.,0
Amazing experience from start to finish.,1
Amazing experience from start to finish.,1
Excellent service and top-notch item!,1
Very satisfied. Great quality and quick delivery.,1
This is the worst thing I've ever bought.,0
The item arrived damaged and didn't work.,0
This is the worst thing I've ever bought.,0
Disgusting experience. Never again.,0
Terrible. I had high hopes but it failed completely.,0
Disgusting experience. Never again.,0
Excellent service and top-notch item!,1
I couldn’t be more pleased with this product.,1
Very disappointed. Waste of money.,0
Not at all what was advertised. Do not buy.,0
"Fantastic product, will definitely buy again.",1
Perfect! Just what I needed.,1
Not at all what was advertised. Do not buy.,0
The item arrived damaged and didn't work.,0
Works like a charm. Highly recommended.,1
"Fantastic product, will definitely buy again.",1
Not at all what was advertised. Do not buy.,0
Terrible. I had high hopes but it failed completely.,0
This is the worst thing I've ever bought.,0
"Fantastic product, will definitely buy again.",1
Excellent service and top-notch item!,1
I absolutely love this! It exceeded my expectations.,1
Works like a charm. Highly recommended.,1
Completely useless. Broke after one use.,0
Excellent service and top-notch item!,1
Poor quality and terrible customer service.,0
Poor quality and terrible customer service.,0
Perfect! Just what I needed.,1
Not at all what was advertised. Do not buy.,0
The item arrived damaged and didn't work.,0
Very disappointed. Waste of money.,0
Amazing experience from start to finish.,1
This is the worst thing I've ever bought.,0
I absolutely love this! It exceeded my expectations.,1
Disgusting experience. Never again.,0
Works like a charm. Highly recommended.,1
Absolutely awful. I want a refund.,0
"Fantastic product, will definitely buy again.",1
Completely useless. Broke after one use.,0
This is the worst thing I've ever bought.,0
Absolutely awful. I want a refund.,0
Completely useless. Broke after one use.,0
Perfect! Just what I needed.,1
Not at all what was advertised. Do not buy.,0
Cheaply made and not worth the price.,0
Not at all what was advertised. Do not buy.,0
The item arrived damaged and didn't work.,0
Poor quality and terrible customer service.,0
Absolutely awful. I want a refund.,0
Very disappointed. Waste of money.,0
Perfect! Just what I needed.,1
Perfect! Just what I needed.,1
I absolutely love this! It exceeded my expectations.,1
Excellent service and top-notch item!,1
I absolutely love this! It exceeded my expectations.,1
I absolutely love this! It exceeded my expectations.,1
Very satisfied. Great quality and quick delivery.,1
This is the worst thing I've ever bought.,0
The item arrived damaged and didn't work.,0
Cheaply made and not worth the price.,0
Poor quality and terrible customer service.,0
Completely useless. Broke after one use.,0
Completely useless. Broke after one use.,0
Poor quality and terrible customer service.,0
The quality is excellent. Five stars.,1
This is the worst thing I've ever bought.,0
The quality is excellent. Five stars.,1
I absolutely love this! It exceeded my expectations.,1
Disgusting experience. Never again.,0
Very satisfied. Great quality and quick delivery.,1
The item arrived damaged and didn't work.,0
Completely useless. Broke after one use.,0
Disgusting experience. Never again.,0
Poor quality and terrible customer service.,0
Terrible. I had high hopes but it failed completely.,0
Amazing experience from start to finish.,1
The quality is excellent. Five stars.,1
This is the worst thing I've ever bought.,0
Very disappointed. Waste of money.,0
Cheaply made and not worth the price.,0
This is the worst thing I've ever bought.,0
Amazing experience from start to finish.,1
Not at all what was advertised. Do not buy.,0
Works like a charm. Highly recommended.,1
Not at all what was advertised. Do not buy.,0
"Fantastic product, will definitely buy again.",1
Poor quality and terrible customer service.,0
Amazing experience from start to finish.,1
Disgusting experience. Never again.,0
Perfect! Just what I needed.,1
Works like a charm. Highly recommended.,1
Super happy with my purchase. Worth every penny!,1
Cheaply made and not worth the price.,0
Disgusting experience. Never again.,0
I couldn’t be more pleased with this product.,1
I couldn’t be more pleased with this product.,1
Very disappointed. Waste of money.,0
Poor quality and terrible customer service.,0
This is the worst thing I've ever bought.,0
Very satisfied. Great quality and quick delivery.,1
Absolutely awful. I want a refund.,0
Amazing experience from start to finish.,1
The quality is excellent. Five stars.,1
Very disappointed. Waste of money.,0
I couldn’t be more pleased with this product.,1
Not at all what was advertised. Do not buy.,0
The quality is excellent. Five stars.,1
Excellent service and top-notch item!,1
Very disappointed. Waste of money.,0
Super happy with my purchase. Worth every penny!,1
Perfect! Just what I needed.,1
Perfect! Just what I needed.,1
Completely useless. Broke after one use.,0
The item arrived damaged and didn't work.,0
Absolutely awful. I want a refund.,0
Absolutely awful. I want a refund.,0
Cheaply made and not worth the price.,0
Terrible. I had high hopes but it failed completely.,0
Not at all what was advertised. Do not buy.,0
Disgusting experience. Never again.,0
Perfect! Just what I needed.,1
The quality is excellent. Five stars.,1
Works like a charm. Highly recommended.,1
Amazing experience from start to finish.,1
The quality is excellent. Five stars.,1
Amazing experience from start to finish.,1
Not at all what was advertised. Do not buy.,0
Terrible. I had high hopes but it failed completely.,0
Cheaply made and not worth the price.,0
Terrible. I had high hopes but it failed completely.,0
Not at all what was advertised. Do not buy.,0
I couldn’t be more pleased with this product.,1
Very disappointed. Waste of money.,0
I absolutely love this! It exceeded my expectations.,1
Completely useless. Broke after one use.,0
"Fantastic product, will definitely buy again.",1
Perfect! Just what I needed.,1
Amazing experience from start to finish.,1
The item arrived damaged and didn't work.,0
Not at all what was advertised. Do not buy.,0
I couldn’t be more pleased with this product.,1
Terrible. I had high hopes but it failed completely.,0
Amazing experience from start to finish.,1
Absolutely awful. I want a refund.,0
Works like a charm. Highly recommended.,1
Terrible. I had high hopes but it failed completely.,0
Completely useless. Broke after one use.,0
Very disappointed. Waste of money.,0
The item arrived damaged and didn't work.,0
Very disappointed. Waste of money.,0
Absolutely awful. I want a refund.,0
Amazing experience from start to finish.,1
Super happy with my purchase. Worth every penny!,1
I absolutely love this! It exceeded my expectations.,1
Cheaply made and not worth the price.,0
Works like a charm. Highly recommended.,1
"Fantastic product, will definitely buy again.",1
Cheaply made and not worth the price.,0
Amazing experience from start to finish.,1
Perfect! Just what I needed.,1
Terrible. I had high hopes but it failed completely.,0
Disgusting experience. Never again.,0
Works like a charm. Highly recommended.,1
Completely useless. Broke after one use.,0
Excellent service and top-notch item!,1
Absolutely awful. I want a refund.,0
I absolutely love this! It exceeded my expectations.,1
Completely useless. Broke after one use.,0
This is the worst thing I've ever bought.,0
Perfect! Just what I needed.,1
Works like a charm. Highly recommended.,1
Super happy with my purchase. Worth every penny!,1
Disgusting experience. Never again.,0
Completely useless. Broke after one use.,0
The quality is excellent. Five stars.,1
Very satisfied. Great quality and quick delivery.,1
The quality is excellent. Five stars.,1
Poor quality and terrible customer service.,0
Terrible. I had high hopes but it failed completely.,0
"Fantastic product, will definitely buy again.",1
Works like a charm. Highly recommended.,1
Completely useless. Broke after one use.,0
"Fantastic product, will definitely buy again.",1
Very disappointed. Waste of money.,0
Excellent service and top-notch item!,1
Poor quality and terrible customer service.,0
The quality is excellent. Five stars.,1
Not at all what was advertised. Do not buy.,0
"Fantastic product, will definitely buy again.",1
The item arrived damaged and didn't work.,0
"Fantastic product, will definitely buy again.",1
The item arrived damaged and didn't work.,0
Disgusting experience. Never again.,0
Perfect! Just what I needed.,1
This is the worst thing I've ever bought.,0
The item arrived damaged and didn't work.,0
Excellent service and top-notch item!,1
Absolutely awful. I want a refund.,0
"Fantastic product, will definitely buy again.",1
The quality is excellent. Five stars.,1
Super happy with my purchase. Worth every penny!,1
Disgusting experience. Never again.,0
Absolutely awful. I want a refund.,0
I couldn’t be more pleased with this product.,1
I couldn’t be more pleased with this product.,1
Excellent service and top-notch item!,1
Not at all what was advertised. Do not buy.,0
"Fantastic product, will definitely buy again.",1
Very satisfied. Great quality and quick delivery.,1
This is the worst thing I've ever bought.,0
Super happy with my purchase. Worth every penny!,1
Super happy with my purchase. Worth every penny!,1
I absolutely love this! It exceeded my expectations.,1
Excellent service and top-notch item!,1
Super happy with my purchase. Worth every penny!,1
I absolutely love this! It exceeded my expectations.,1
The item arrived damaged and didn't work.,0
Super happy with my purchase. Worth every penny!,1
Cheaply made and not worth the price.,0
This is the worst thing I've ever bought.,0
Super happy with my purchase. Worth every penny!,1
Very disappointed. Waste of money.,0
Completely useless. Broke after one use.,0
"Fantastic product, will definitely buy again.",1
Disgusting experience. Never again.,0
Cheaply made and not worth the price.,0
Perfect! Just what I needed.,1
Absolutely awful. I want a refund.,0
This is the worst thing I've ever bought.,0
Very disappointed. Waste of money.,0
Works like a charm. Highly recommended.,1
Completely useless. Broke after one use.,0
Not at all what was advertised. Do not buy.,0
"Fantastic product, will definitely buy again.",1
Cheaply made and not worth the price.,0
The quality is excellent. Five stars.,1
Completely useless. Broke after one use.,0
"Fantastic product, will definitely buy again.",1
"Fantastic product, will definitely buy again.",1
I couldn’t be more pleased with this product.,1
Works like a charm. Highly recommended.,1
Excellent service and top-notch item!,1
Excellent service and top-notch item!,1
Very satisfied. Great quality and quick delivery.,1
Terrible. I had high hopes but it failed completely.,0
Disgusting experience. Never again.,0
Terrible. I had high hopes but it failed completely.,0
Excellent service and top-notch item!,1
This is the worst thing I've ever bought.,0
Not at all what was advertised. Do not buy.,0
The quality is excellent. Five stars.,1
Works like a charm. Highly recommended.,1
Absolutely awful. I want a refund.,0
The quality is excellent. Five stars.,1
I absolutely love this! It exceeded my expectations.,1
Completely useless. Broke after one use.,0
Terrible. I had high hopes but it failed completely.,0
Very disappointed. Waste of money.,0
I couldn’t be more pleased with this product.,1
I couldn’t be more pleased with this product.,1
Cheaply made and not worth the price.,0
Very satisfied. Great quality and quick delivery.,1
Poor quality and terrible customer service.,0
Cheaply made and not worth the price.,0
Works like a charm. Highly recommended.,1
Terrible. I had high hopes but it failed completely.,0
I absolutely love this! It exceeded my expectations.,1
Cheaply made and not worth the price.,0
Not at all what was advertised. Do not buy.,0
Completely useless. Broke after one use.,0
Excellent service and top-notch item!,1
Amazing experience from start to finish.,1
Very disappointed. Waste of money.,0
Perfect! Just what I needed.,1
I absolutely love this! It exceeded my expectations.,1
Very satisfied. Great quality and quick delivery.,1
I absolutely love this! It exceeded my expectations.,1
The quality is excellent. Five stars.,1
Absolutely awful. I want a refund.,0
Excellent service and top-notch item!,1
Completely useless. Broke after one use.,0
Super happy with my purchase. Worth every penny!,1
Amazing experience from start to finish.,1
Completely useless. Broke after one use.,0
The item arrived damaged and didn't work.,0
Works like a charm. Highly recommended.,1
Absolutely awful. I want a refund.,0
Super happy with my purchase. Worth every penny!,1
Terrible. I had high hopes but it failed completely.,0
Not at all what was advertised. Do not buy.,0
Poor quality and terrible customer service.,0
Disgusting experience. Never again.,0
Super happy with my purchase. Worth every penny!,1
Very satisfied. Great quality and quick delivery.,1
I absolutely love this! It exceeded my expectations.,1
Terrible. I had high hopes but it failed completely.,0
Absolutely awful. I want a refund.,0
I couldn’t be more pleased with this product.,1
"Fantastic product, will definitely buy again.",1
Poor quality and terrible customer service.,0
Absolutely awful. I want a refund.,0
The item arrived damaged and didn't work.,0
Works like a charm. Highly recommended.,1
"Fantastic product, will definitely buy again.",1
I couldn’t be more pleased with this product.,1
The item arrived damaged and didn't work.,0
Excellent service and top-notch item!,1
Amazing experience from start to finish.,1
Perfect! Just what I needed.,1
Terrible. I had high hopes but it failed completely.,0
Very satisfied. Great quality and quick delivery.,1
Very disappointed. Waste of money.,0
The quality is excellent. Five stars.,1
Super happy with my purchase. Worth every penny!,1
Disgusting experience. Never again.,0
I couldn’t be more pleased with this product.,1
Not at all what was advertised. Do not buy.,0
"Fantastic product, will definitely buy again.",1
Terrible. I had high hopes but it failed completely.,0
I couldn’t be more pleased with this product.,1
This is the worst thing I've ever bought.,0
Very satisfied. Great quality and quick delivery.,1
Amazing experience from start to finish.,1
Disgusting experience. Never again.,0
Amazing experience from start to finish.,1
"Fantastic product, will definitely buy again.",1
Completely useless. Broke after one use.,0
Cheaply made and not worth the price.,0
Very disappointed. Waste of money.,0
Perfect! Just what I needed.,1
Perfect! Just what I needed.,1
Disgusting experience. Never again.,0
Cheaply made and not worth the price.,0
Very disappointed. Waste of money.,0
Excellent service and top-notch item!,1
Poor quality and terrible customer service.,0
Disgusting experience. Never again.,0
"Fantastic product, will definitely buy again.",1
Poor quality and terrible customer service.,0
Perfect! Just what I needed.,1
The quality is excellent. Five stars.,1
The item arrived damaged and didn't work.,0
Disgusting experience. Never again.,0
I absolutely love this! It exceeded my expectations.,1
The item arrived damaged and didn't work.,0
Super happy with my purchase. Worth every penny!,1
Disgusting experience. Never again.,0
Perfect! Just what I needed.,1
Very satisfied. Great quality and quick delivery.,1
"Fantastic product, will definitely buy again.",1
Poor quality and terrible customer service.,0
Works like a charm. Highly recommended.,1
Works like a charm. Highly recommended.,1
Absolutely awful. I want a refund.,0
Disgusting experience. Never again.,0
Super happy with my purchase. Worth every penny!,1
Terrible. I had high hopes but it failed completely.,0
Absolutely awful. I want a refund.,0
Poor quality and terrible customer service.,0
I absolutely love this! It exceeded my expectations.,1
Absolutely awful. I want a refund.,0
Not at all what was advertised. Do not buy.,0
The item arrived damaged and didn't work.,0
Disgusting experience. Never again.,0
Poor quality and terrible customer service.,0
Completely useless. Broke after one use.,0
Perfect! Just what I needed.,1
I couldn’t be more pleased with this product.,1
The quality is excellent. Five stars.,1
"Fantastic product, will definitely buy again.",1
Completely useless. Broke after one use.,0
The item arrived damaged and didn't work.,0
The quality is excellent. Five stars.,1
This is the worst thing I've ever bought.,0
Poor quality and terrible customer service.,0
The item arrived damaged and didn't work.,0
Poor quality and terrible customer service.,0
"Fantastic product, will definitely buy again.",1
"Fantastic product, will definitely buy again.",1
Excellent service and top-notch item!,1
Terrible. I had high hopes but it failed completely.,0
Very satisfied. Great quality and quick delivery.,1
"Fantastic product, will definitely buy again.",1
This is the worst thing I've ever bought.,0
The item arrived damaged and didn't work.,0
Not at all what was advertised. Do not buy.,0
Terrible. I had high hopes but it failed completely.,0
Not at all what was advertised. Do not buy.,0
Absolutely awful. I want a refund.,0
Super happy with my purchase. Worth every penny!,1
Not at all what was advertised. Do not buy.,0
Amazing experience from start to finish.,1
"Fantastic product, will definitely buy again.",1
Disgusting experience. Never again.,0
Absolutely awful. I want a refund.,0
Disgusting experience. Never again.,0
Not at all what was advertised. Do not buy.,0
Cheaply made and not worth the price.,0
Terrible. I had high hopes but it failed completely.,0
The quality is excellent. Five stars.,1
Cheaply made and not worth the price.,0
Absolutely awful. I want a refund.,0
Amazing experience from start to finish.,1
Poor quality and terrible customer service.,0
Absolutely awful. I want a refund.,0
I absolutely love this! It exceeded my expectations.,1
Poor quality and terrible customer service.,0
Perfect! Just what I needed.,1
"Fantastic product, will definitely buy again.",1
Excellent service and top-notch item!,1
Very satisfied. Great quality and quick delivery.,1
"Fantastic product, will definitely buy again.",1
Super happy with my purchase. Worth every penny!,1
Disgusting experience. Never again.,0
Works like a charm. Highly recommended.,1
The quality is excellent. Five stars.,1
I couldn’t be more pleased with this product.,1
Super happy with my purchase. Worth every penny!,1
Very satisfied. Great quality and quick delivery.,1
The item arrived damaged and didn't work.,0
Excellent service and top-notch item!,1
Excellent service and top-notch item!,1
Super happy with my purchase. Worth every penny!,1
Very satisfied. Great quality and quick delivery.,1
Poor quality and terrible customer service.,0
This is the worst thing I've ever bought.,0
Not at all what was advertised. Do not buy.,0
Very satisfied. Great quality and quick delivery.,1
"Fantastic product, will definitely buy again.",1
The quality is excellent. Five stars.,1
The quality is excellent. Five stars.,1
Works like a charm. Highly recommended.,1
I absolutely love this! It exceeded my expectations.,1
Disgusting experience. Never again.,0
Very satisfied. Great quality and quick delivery.,1
I absolutely love this! It exceeded my expectations.,1
I absolutely love this! It exceeded my expectations.,1
Very satisfied. Great quality and quick delivery.,1
I couldn’t be more pleased with this product.,1
Perfect! Just what I needed.,1
Completely useless. Broke after one use.,0
"Fantastic product, will definitely buy again.",1
Very satisfied. Great quality and quick delivery.,1
Poor quality and terrible customer service.,0
Amazing experience from start to finish.,1
Terrible. I had high hopes but it failed completely.,0
I absolutely love this! It exceeded my expectations.,1
I couldn’t be more pleased with this product.,1
Poor quality and terrible customer service.,0
The quality is excellent. Five stars.,1
Excellent service and top-notch item!,1
I couldn’t be more pleased with this product.,1
Terrible. I had high hopes but it failed completely.,0
Works like a charm. Highly recommended.,1
Poor quality and terrible customer service.,0
Completely useless. Broke after one use.,0
Disgusting experience. Never again.,0
Poor quality and terrible customer service.,0
Terrible. I had high hopes but it failed completely.,0
The quality is excellent. Five stars.,1
I absolutely love this! It exceeded my expectations.,1
Not at all what was advertised. Do not buy.,0
Perfect! Just what I needed.,1
This is the worst thing I've ever bought.,0
Not at all what was advertised. Do not buy.,0
Amazing experience from start to finish.,1
The quality is excellent. Five stars.,1
This is the worst thing I've ever bought.,0
Poor quality and terrible customer service.,0
I couldn’t be more pleased with this product.,1
Very disappointed. Waste of money.,0
Not at all what was advertised. Do not buy.,0
Not at all what was advertised. Do not buy.,0
Disgusting experience. Never again.,0
Very satisfied. Great quality and quick delivery.,1
Terrible. I had high hopes but it failed completely.,0
Super happy with my purchase. Worth every penny!,1
Disgusting experience. Never again.,0
Super happy with my purchase. Worth every penny!,1
Poor quality and terrible customer service.,0
This is the worst thing I've ever bought.,0
Completely useless. Broke after one use.,0
Absolutely awful. I want a refund.,0
Perfect! Just what I needed.,1
The item arrived damaged and didn't work.,0
The quality is excellent. Five stars.,1
Very satisfied. Great quality and quick delivery.,1
I couldn’t be more pleased with this product.,1
Very disappointed. Waste of money.,0
"Fantastic product, will definitely buy again.",1
I couldn’t be more pleased with this product.,1
I couldn’t be more pleased with this product.,1
"Fantastic product, will definitely buy again.",1
This is the worst thing I've ever bought.,0
"Fantastic product, will definitely buy again.",1
Poor quality and terrible customer service.,0
The item arrived damaged and didn't work.,0
Cheaply made and not worth the price.,0
Absolutely awful. I want a refund.,0
Very satisfied. Great quality and quick delivery.,1
Very disappointed. Waste of money.,0
Completely useless. Broke after one use.,0
Perfect! Just what I needed.,1
Works like a charm. Highly recommended.,1
Excellent service and top-notch item!,1
